Date,Time,Day,Station,Code,Min_Delay,Min_Gap,Bound,Line,Vehicle
2023-01-01,07:49:51,Thursday,West,B,19,17,North,BD,250
2023-01-01,09:15:22,Wednesday,North,I,58,55,East,SRT,295
2023-01-01,15:20:48,Friday,Central,J,54,59,East,YU,215
2023-01-01,20:35:38,Sunday,East,G,26,42,West,BD,274
2023-01-02,06:29:41,Tuesday,North,F,27,59,North,SRT,293
2023-01-02,07:25:56,Friday,South,D,11,55,West,BD,230
2023-01-02,07:56:54,Tuesday,East,E,19,29,East,YU,244
2023-01-03,08:09:17,Monday,West,E,24,29,West,SHP,272
2023-01-03,15:15:40,Sunday,East,D,54,2,North,YU,243
2023-01-03,18:34:11,Sunday,West,E,15,3,South,SHP,266
2023-01-03,23:20:24,Monday,South,A,42,42,South,SRT,224
2023-01-04,07:44:34,Sunday,Central,I,44,55,West,SRT,211
2023-01-04,17:11:30,Saturday,East,G,41,52,East,BD,229
2023-01-05,07:06:46,Wednesday,Central,F,20,53,East,SRT,261
2023-01-05,14:05:49,Tuesday,East,G,22,1,East,SHP,246
2023-01-05,16:14:46,Saturday,Central,E,30,31,West,SHP,204
2023-01-05,17:28:17,Monday,East,H,45,59,West,SHP,291
2023-01-06,13:49:23,Saturday,South,E,14,8,South,SRT,227
2023-01-06,20:25:48,Saturday,South,G,18,40,West,BD,283
2023-01-07,06:33:44,Wednesday,West,I,28,42,South,YU,270
2023-01-07,13:22:49,Tuesday,North,D,12,23,North,SHP,227
2023-01-07,18:50:58,Saturday,East,F,4,24,East,SHP,295
2023-01-07,22:54:36,Wednesday,South,G,9,50,East,SRT,215
2023-01-08,09:34:29,Sunday,South,A,58,14,South,SHP,226
2023-01-08,21:20:44,Tuesday,North,C,1,45,North,SHP,268
2023-01-08,23:04:03,Sunday,North,F,4,25,South,BD,279
2023-01-09,18:57:06,Wednesday,Central,I,4,59,North,SRT,230
2023-01-11,11:24:01,Thursday,East,E,1,53,South,SRT,200
2023-01-11,13:08:24,Friday,West,G,11,55,North,SRT,224
2023-01-11,16:33:55,Sunday,North,E,51,8,West,YU,260
2023-01-12,16:33:14,Friday,West,D,5,6,South,YU,283
2023-01-13,08:12:12,Tuesday,North,A,42,22,North,SHP,285
2023-01-13,08:44:49,Thursday,North,I,25,55,South,YU,273
2023-01-13,08:50:33,Saturday,North,F,58,11,North,BD,259
2023-01-13,10:47:52,Sunday,North,F,4,9,West,SRT,216
2023-01-13,12:38:47,Sunday,Central,E,2,28,West,SHP,206
2023-01-13,13:22:23,Friday,West,A,57,59,South,YU,263
2023-01-13,19:14:47,Sunday,North,F,6,0,East,BD,201
2023-01-13,22:03:05,Tuesday,North,G,44,34,West,SHP,271
2023-01-14,07:58:36,Tuesday,South,C,7,33,East,SRT,222
2023-01-14,08:31:40,Tuesday,Central,I,10,3,North,BD,208
2023-01-14,14:23:04,Monday,South,D,21,56,West,SRT,230
2023-01-14,19:46:41,Saturday,West,C,14,45,East,BD,252
2023-01-15,16:36:03,Saturday,South,H,55,47,East,BD,237
2023-01-16,06:27:49,Wednesday,Central,H,39,27,North,SHP,264
2023-01-16,08:15:30,Wednesday,North,F,54,14,East,BD,206
2023-01-17,17:33:56,Tuesday,West,D,54,30,East,YU,264
2023-01-18,06:37:44,Tuesday,North,B,19,32,North,BD,243
2023-01-19,13:13:22,Thursday,East,F,15,39,South,YU,285
2023-01-19,16:25:03,Sunday,Central,H,42,51,West,SHP,225
2023-01-19,23:42:10,Saturday,North,C,5,35,West,SHP,275
2023-01-20,10:53:55,Friday,South,J,54,26,North,BD,289
2023-01-20,14:09:14,Tuesday,East,G,3,39,South,YU,240
2023-01-20,19:59:53,Sunday,West,J,37,22,South,SHP,287
2023-01-21,14:01:49,Monday,East,D,10,50,West,YU,281
2023-01-21,21:14:39,Sunday,South,G,18,54,South,YU,203
2023-01-22,08:22:48,Tuesday,North,J,38,11,North,YU,241
2023-01-22,14:06:15,Friday,Central,F,49,40,North,SRT,208
2023-01-23,06:52:33,Saturday,Central,F,43,9,South,BD,240
2023-01-24,13:06:32,Friday,North,F,18,39,South,YU,279
2023-01-24,14:00:15,Saturday,North,G,52,59,North,YU,208
2023-01-25,06:07:55,Thursday,South,A,22,42,West,YU,241
2023-01-25,08:06:07,Saturday,West,A,32,45,North,BD,234
2023-01-25,14:55:03,Tuesday,West,B,46,4,North,SRT,246
2023-01-25,19:17:45,Tuesday,North,C,16,17,South,SHP,284
2023-01-27,08:45:21,Sunday,North,J,59,33,West,SRT,278
2023-01-27,15:41:31,Friday,East,D,18,18,North,YU,231
2023-01-27,17:16:15,Thursday,East,I,23,17,East,SRT,236
2023-01-28,21:36:31,Sunday,West,A,42,41,North,SRT,252
2023-01-28,22:20:02,Monday,South,H,28,22,East,YU,240
2023-01-29,07:33:40,Saturday,West,C,16,10,East,BD,247
2023-01-29,11:35:16,Friday,East,A,35,39,North,SRT,246
2023-01-29,13:03:12,Thursday,West,H,17,29,East,SHP,240
2023-01-30,10:56:12,Friday,Central,A,19,57,West,SRT,231
2023-01-31,07:11:25,Wednesday,South,G,26,59,West,SHP,223
2023-01-31,09:36:45,Thursday,South,B,49,12,East,YU,227
2023-01-31,12:00:09,Friday,West,H,45,39,West,YU,219
2023-01-31,13:18:47,Tuesday,North,I,1,43,East,SHP,282
2023-01-31,15:36:45,Thursday,South,H,60,37,North,YU,248
2023-01-31,18:11:47,Saturday,South,D,39,30,West,SRT,247
2023-02-01,07:27:17,Friday,West,E,56,22,South,YU,230
2023-02-01,11:13:04,Monday,South,F,17,16,West,SRT,213
2023-02-02,08:40:29,Wednesday,West,D,45,58,North,SHP,229
2023-02-02,10:07:15,Friday,East,C,23,54,West,SRT,218
2023-02-02,21:28:55,Friday,East,E,60,26,East,YU,247
2023-02-03,12:20:44,Tuesday,Central,D,41,40,East,SHP,260
2023-02-04,15:49:44,Friday,South,G,23,36,North,SHP,284
2023-02-04,17:04:41,Saturday,South,A,31,32,East,SHP,249
2023-02-04,22:51:05,Friday,North,F,60,26,West,YU,202
2023-02-05,07:46:22,Friday,East,B,29,4,North,YU,299
2023-02-05,15:18:08,Monday,Central,B,10,31,North,BD,290
2023-02-05,16:20:52,Monday,West,F,40,52,West,SHP,232
2023-02-05,18:14:19,Thursday,Central,A,47,50,West,SHP,268
2023-02-06,14:58:15,Monday,East,B,3,50,North,SHP,260
2023-02-06,15:50:31,Sunday,North,G,60,53,South,BD,237
2023-02-06,18:04:41,Friday,Central,A,0,49,East,BD,278
2023-02-08,07:09:45,Wednesday,West,D,6,10,North,YU,203
2023-02-08,14:08:24,Wednesday,North,J,53,24,East,SHP,285
2023-02-09,09:13:48,Thursday,East,A,55,45,North,SRT,205
2023-02-09,10:16:22,Saturday,West,D,23,11,South,SRT,209
2023-02-09,16:40:44,Friday,North,F,40,27,West,YU,274
2023-02-10,07:20:06,Sunday,South,B,13,55,West,YU,257
2023-02-10,11:02:05,Saturday,North,G,6,45,North,SRT,239
2023-02-10,11:07:07,Friday,East,H,12,23,West,SRT,216
2023-02-10,13:53:28,Tuesday,East,E,40,51,East,BD,244
2023-02-10,14:15:57,Saturday,South,I,24,13,North,BD,203
2023-02-10,20:53:45,Thursday,North,B,11,43,East,BD,226
2023-02-11,12:39:14,Sunday,North,J,38,11,South,YU,295
2023-02-11,17:26:19,Thursday,West,J,18,36,South,SHP,216
2023-02-11,21:42:41,Saturday,West,J,5,31,South,SHP,215
2023-02-11,22:59:20,Sunday,North,D,5,60,North,SRT,233
2023-02-11,23:00:57,Friday,East,F,32,29,North,SRT,241
2023-02-12,08:17:54,Wednesday,North,D,49,38,South,SHP,258
2023-02-12,22:40:36,Wednesday,North,B,48,26,South,YU,220
2023-02-13,08:11:10,Friday,Central,B,14,8,South,SHP,240
2023-02-13,13:28:23,Saturday,East,J,40,51,West,YU,299
2023-02-13,17:32:49,Saturday,East,I,4,27,West,SRT,211
2023-02-13,18:29:33,Wednesday,Central,I,22,8,East,SHP,227
2023-02-14,08:43:11,Saturday,North,F,6,26,South,SRT,210
2023-02-14,14:11:59,Tuesday,East,A,4,32,South,YU,299
2023-02-14,14:18:19,Monday,North,A,15,17,West,BD,239
2023-02-14,23:30:15,Monday,Central,G,6,41,North,YU,238
2023-02-17,09:40:58,Tuesday,Central,E,8,28,East,SHP,284
2023-02-17,10:04:33,Wednesday,Central,E,4,27,West,SHP,219
2023-02-17,17:06:25,Wednesday,North,D,29,17,South,BD,223
2023-02-17,17:06:52,Sunday,West,D,0,56,West,BD,263
2023-02-17,21:54:30,Monday,East,C,0,14,North,BD,297
2023-02-17,22:40:15,Tuesday,South,J,46,12,West,SHP,264
2023-02-18,13:02:49,Wednesday,North,F,39,38,West,BD,293
2023-02-18,15:22:26,Thursday,North,I,51,24,East,BD,236
2023-02-19,09:23:50,Sunday,East,C,39,3,East,SHP,263
2023-02-20,09:05:55,Thursday,Central,E,54,52,South,SHP,220
2023-02-20,11:53:55,Wednesday,South,I,47,39,South,BD,261
2023-02-20,13:13:27,Saturday,South,H,27,9,North,SRT,259
2023-02-20,14:39:07,Saturday,South,A,45,60,South,SHP,284
2023-02-20,20:00:50,Friday,Central,C,15,38,North,SRT,211
2023-02-20,23:21:37,Sunday,South,I,46,41,West,BD,254
2023-02-20,23:55:58,Friday,East,D,8,51,East,SRT,200
2023-02-21,10:33:39,Saturday,South,A,51,6,North,YU,242
2023-02-21,14:06:43,Wednesday,South,E,21,44,South,BD,299
2023-02-21,23:28:41,Saturday,South,I,29,20,North,SRT,277
2023-02-22,13:42:43,Monday,North,A,28,47,North,BD,256
2023-02-22,17:25:32,Friday,East,C,8,4,North,YU,222
2023-02-23,08:20:12,Sunday,West,D,2,36,South,BD,271
2023-02-23,19:00:30,Saturday,South,J,47,6,West,YU,291
2023-02-23,23:47:39,Friday,South,G,45,39,West,SRT,263
2023-02-24,06:32:53,Friday,West,I,45,36,East,SRT,214
2023-02-24,18:42:38,Wednesday,South,B,31,12,South,SHP,271
2023-02-24,22:44:38,Tuesday,North,D,16,58,North,YU,235
2023-02-25,06:11:06,Monday,North,I,60,9,North,SHP,253
2023-02-25,11:12:13,Wednesday,Central,H,48,53,West,SHP,207
2023-02-25,15:04:03,Monday,West,H,28,50,East,BD,300
2023-02-25,16:38:20,Monday,Central,H,5,0,West,SRT,296
2023-02-25,21:36:24,Tuesday,Central,G,60,60,North,YU,275
2023-02-25,22:37:54,Wednesday,North,F,40,51,South,YU,201
2023-02-26,08:34:41,Wednesday,Central,E,59,12,West,SRT,232
2023-02-26,21:38:55,Tuesday,South,I,35,49,North,SRT,284
2023-02-27,08:14:55,Wednesday,South,I,26,15,South,SRT,257
2023-02-27,12:39:56,Friday,South,I,7,38,West,SHP,292
2023-02-27,13:13:46,Friday,South,I,56,13,East,SHP,241
2023-02-27,16:26:11,Saturday,West,D,46,58,South,BD,222
2023-02-27,17:01:07,Tuesday,East,D,9,52,South,BD,223
2023-02-27,20:16:29,Friday,East,E,59,15,East,SHP,223
2023-02-28,13:59:36,Saturday,South,J,40,35,West,BD,271
2023-03-01,06:20:12,Wednesday,West,E,29,24,North,BD,235
2023-03-01,10:26:22,Friday,West,H,14,60,East,BD,284
2023-03-01,12:14:04,Thursday,East,E,14,2,West,BD,210
2023-03-01,16:49:38,Saturday,South,J,36,26,West,SHP,249
2023-03-02,09:19:30,Sunday,East,E,45,34,East,YU,254
2023-03-02,10:43:18,Saturday,North,I,8,58,North,SHP,279
2023-03-02,11:30:17,Monday,East,I,39,39,North,YU,258
2023-03-02,13:42:05,Friday,East,I,28,52,South,SRT,239
2023-03-02,16:05:39,Tuesday,West,E,17,10,East,SRT,221
2023-03-02,18:10:24,Friday,West,F,7,57,South,YU,300
2023-03-02,18:11:33,Tuesday,West,B,19,43,East,YU,279
2023-03-03,06:18:50,Saturday,East,E,27,60,South,SRT,280
2023-03-03,11:22:14,Friday,East,F,25,19,South,SHP,247
2023-03-03,13:54:13,Thursday,North,A,54,24,South,BD,285
2023-03-03,21:59:22,Thursday,West,I,55,29,East,SHP,224
2023-03-05,10:22:00,Friday,North,B,51,46,East,SRT,293
2023-03-05,13:13:27,Friday,East,D,27,44,East,SHP,285
2023-03-05,23:50:25,Wednesday,Central,E,6,25,North,SRT,249
2023-03-06,07:28:00,Monday,West,F,43,44,West,SHP,254
2023-03-06,07:52:24,Monday,South,J,37,54,North,SHP,210
2023-03-06,12:59:45,Saturday,South,F,43,16,North,YU,208
2023-03-06,13:15:42,Sunday,West,D,47,56,North,YU,290
2023-03-06,22:03:42,Thursday,East,I,5,49,South,SHP,243
2023-03-07,12:24:06,Saturday,North,C,6,48,North,BD,278
2023-03-08,11:06:07,Sunday,Central,A,12,40,East,YU,260
2023-03-08,11:49:52,Saturday,West,G,47,24,South,BD,287
2023-03-10,06:03:04,Friday,South,E,49,4,South,SRT,233
2023-03-10,22:15:06,Tuesday,South,A,45,51,West,SRT,292
2023-03-11,06:57:18,Sunday,Central,C,6,48,East,SHP,250
2023-03-11,11:40:20,Thursday,East,A,49,41,West,SRT,265
2023-03-11,11:50:59,Friday,North,H,14,35,South,YU,300
2023-03-11,20:05:51,Friday,East,B,55,37,East,SRT,281
2023-03-12,06:10:18,Tuesday,North,I,5,4,East,YU,291
2023-03-12,12:27:41,Monday,East,B,26,59,West,YU,275
2023-03-13,07:26:23,Friday,Central,G,40,22,South,BD,246
2023-03-13,09:15:56,Saturday,Central,I,37,1,South,BD,228
2023-03-14,06:04:10,Monday,Central,B,60,36,West,SHP,201
2023-03-14,08:52:58,Wednesday,West,G,25,5,North,SHP,200
2023-03-14,12:31:47,Tuesday,North,G,19,56,West,SRT,293
2023-03-16,18:35:21,Saturday,Central,A,5,19,West,YU,212
2023-03-16,19:13:23,Saturday,South,I,46,45,West,SHP,248
2023-03-16,20:19:00,Saturday,South,G,49,12,North,SRT,264
2023-03-18,06:18:35,Friday,West,H,28,38,North,SHP,267
2023-03-18,12:52:15,Friday,North,F,27,34,East,SRT,220
2023-03-18,13:30:10,Wednesday,South,D,51,32,West,SRT,227
2023-03-18,15:17:50,Tuesday,Central,G,8,5,North,YU,273
2023-03-18,17:24:58,Saturday,North,A,40,9,West,YU,289
2023-03-19,07:17:48,Saturday,Central,H,22,25,North,YU,232
2023-03-19,08:20:04,Monday,North,C,55,21,East,YU,260
2023-03-19,11:02:31,Monday,West,F,5,13,East,SHP,202
2023-03-20,06:30:17,Sunday,West,J,29,53,South,YU,294
2023-03-20,13:20:51,Friday,East,J,26,6,West,SRT,268
2023-03-20,21:19:46,Sunday,Central,G,51,34,West,BD,225
2023-03-21,16:32:54,Thursday,Central,I,37,39,East,SRT,230
2023-03-22,07:16:50,Friday,Central,D,21,5,North,YU,249
2023-03-22,13:38:17,Friday,East,D,30,1,South,SHP,258
2023-03-23,10:27:20,Thursday,West,E,51,25,East,YU,214
2023-03-24,09:06:04,Friday,Central,H,32,43,South,SRT,293
2023-03-24,22:56:33,Sunday,North,C,4,10,North,BD,286
2023-03-24,23:30:19,Wednesday,South,D,60,57,East,BD,210
2023-03-25,08:46:20,Tuesday,East,E,59,14,South,BD,236
2023-03-25,17:24:49,Sunday,East,C,24,1,West,SRT,300
2023-03-25,17:49:39,Tuesday,South,B,58,17,North,SHP,252
2023-03-25,19:37:29,Saturday,East,A,6,26,West,YU,281
2023-03-25,22:01:09,Sunday,South,E,45,10,East,SHP,252
2023-03-26,08:10:13,Monday,South,J,46,10,West,SRT,209
2023-03-26,09:13:38,Tuesday,West,C,34,15,East,YU,267
2023-03-26,12:36:44,Tuesday,East,C,52,32,East,SRT,201
2023-03-26,15:53:24,Thursday,North,A,18,22,East,SRT,266
2023-03-26,19:05:49,Wednesday,North,D,34,37,East,SRT,297
2023-03-27,07:45:47,Tuesday,South,D,35,37,West,YU,277
2023-03-27,09:23:31,Monday,South,C,47,15,East,SRT,249
2023-03-27,16:40:17,Wednesday,Central,F,57,60,West,YU,276
2023-03-27,19:44:58,Wednesday,North,F,45,1,West,SHP,275
2023-03-27,23:17:12,Saturday,East,B,59,51,South,SRT,200
2023-03-28,07:01:37,Sunday,Central,F,18,30,North,SRT,299
2023-03-28,09:42:51,Sunday,Central,J,21,54,North,YU,245
2023-03-28,16:10:46,Sunday,West,I,3,11,South,BD,287
2023-03-29,08:03:05,Tuesday,West,J,30,22,North,YU,278
2023-03-29,17:27:53,Sunday,West,H,6,6,North,BD,257
2023-03-30,09:17:53,Saturday,South,E,40,19,South,BD,242
2023-03-30,09:54:38,Saturday,East,E,2,58,North,SHP,212
2023-03-30,14:46:54,Monday,Central,B,51,17,North,SHP,264
2023-03-30,15:07:48,Wednesday,South,F,40,20,North,YU,213
2023-03-30,16:08:18,Tuesday,North,G,50,54,East,YU,251
2023-03-30,17:00:06,Thursday,East,A,36,1,West,SHP,260
2023-03-30,23:18:00,Tuesday,Central,E,33,27,North,YU,273
2023-04-01,16:28:40,Saturday,South,D,9,50,East,SHP,289
2023-04-01,20:08:19,Wednesday,South,A,23,2,North,BD,241
2023-04-02,06:50:50,Saturday,East,A,31,44,North,SHP,240
2023-04-02,09:42:30,Monday,South,A,12,0,West,SRT,256
2023-04-02,18:59:00,Friday,North,J,55,5,North,SRT,296
2023-04-03,10:39:44,Thursday,South,A,44,9,West,YU,278
2023-04-03,11:54:03,Saturday,East,G,19,10,South,YU,201
2023-04-04,14:02:12,Wednesday,East,G,33,25,West,BD,238
2023-04-04,20:34:01,Monday,South,J,5,24,East,BD,282
2023-04-04,23:15:07,Wednesday,Central,A,6,54,East,BD,292
2023-04-07,06:01:07,Tuesday,North,G,43,26,South,SHP,245
2023-04-07,07:33:36,Friday,North,H,41,3,North,SHP,278
2023-04-07,21:23:18,Sunday,North,J,11,55,East,YU,216
2023-04-08,12:19:30,Sunday,East,J,27,60,North,SHP,223
2023-04-08,21:48:11,Tuesday,East,H,38,43,East,BD,220
2023-04-09,06:57:05,Tuesday,West,A,13,12,East,YU,239
2023-04-09,21:46:19,Wednesday,North,B,37,31,South,SHP,246
2023-04-10,19:24:04,Sunday,Central,J,9,46,West,SHP,241
2023-04-11,17:53:18,Saturday,Central,H,44,38,South,SRT,241
2023-04-12,07:04:32,Saturday,East,A,14,37,West,YU,288
2023-04-12,08:02:22,Sunday,South,I,46,23,South,BD,280
2023-04-12,08:25:43,Monday,North,B,31,2,West,YU,225
2023-04-13,17:26:05,Wednesday,East,C,59,32,North,SRT,254
2023-04-13,18:57:43,Saturday,West,E,29,15,South,BD,276
2023-04-13,23:45:46,Friday,West,H,29,2,North,SHP,257
2023-04-14,08:58:03,Wednesday,Central,H,33,14,East,SHP,250
2023-04-14,09:51:21,Monday,West,F,13,28,East,BD,287
2023-04-14,13:15:37,Thursday,East,D,7,16,North,YU,249
2023-04-15,08:18:52,Tuesday,East,J,16,48,North,SRT,240
2023-04-15,11:49:52,Friday,Central,G,46,43,West,BD,244
2023-04-15,13:02:34,Saturday,South,E,17,21,South,YU,294
2023-04-15,15:52:19,Thursday,East,A,35,43,North,SHP,266
2023-04-15,22:13:00,Tuesday,East,A,2,52,North,SHP,272
2023-04-16,16:45:15,Friday,West,B,24,15,North,YU,220
2023-04-17,07:43:58,Wednesday,West,H,45,10,West,SHP,291
2023-04-17,11:25:10,Wednesday,East,C,23,28,East,SRT,230
2023-04-18,06:22:28,Thursday,East,H,5,22,West,SRT,208
2023-04-18,08:33:45,Thursday,South,F,47,30,South,YU,245
2023-04-18,15:43:22,Friday,East,I,27,48,West,BD,209
2023-04-18,16:17:35,Saturday,West,F,45,10,North,YU,279
2023-04-18,22:09:58,Monday,North,I,42,17,West,SRT,258
2023-04-18,23:44:20,Tuesday,East,I,12,15,North,SRT,207
2023-04-19,20:28:01,Saturday,West,B,39,41,West,YU,277
2023-04-20,06:53:48,Tuesday,East,E,18,6,North,SHP,239
2023-04-20,07:14:17,Friday,East,C,10,32,South,SRT,261
2023-04-20,17:07:57,Friday,South,B,15,8,West,YU,274
2023-04-20,23:01:10,Friday,North,G,26,56,West,YU,252
2023-04-20,23:51:08,Thursday,West,H,60,3,South,YU,247
2023-04-21,06:57:26,Friday,North,D,26,30,West,BD,233
2023-04-21,10:43:53,Saturday,East,G,22,56,East,SRT,223
2023-04-21,17:10:53,Thursday,East,B,32,52,South,SRT,218
2023-04-22,08:30:44,Tuesday,South,J,38,42,East,SRT,287
2023-04-22,08:55:50,Saturday,West,A,13,48,West,YU,230
2023-04-22,10:28:07,Wednesday,South,G,6,40,East,SHP,280
2023-04-22,15:38:38,Wednesday,Central,D,32,15,West,BD,278
2023-04-22,20:49:17,Saturday,West,B,18,44,South,SRT,287
2023-04-23,08:22:35,Sunday,South,B,54,21,North,BD,214
2023-04-23,12:40:41,Monday,East,C,11,50,East,YU,235
2023-04-24,14:01:48,Thursday,South,H,51,56,North,BD,207
2023-04-24,21:39:41,Friday,East,C,60,0,South,SHP,273
2023-04-24,22:34:38,Sunday,East,E,40,46,North,YU,290
2023-04-25,15:13:35,Saturday,West,I,26,59,North,BD,278
2023-04-25,19:53:01,Monday,Central,I,18,27,South,SHP,222
2023-04-25,20:48:21,Wednesday,Central,F,13,25,West,SRT,264
2023-04-25,21:43:42,Thursday,North,C,11,24,East,SRT,248
2023-04-26,06:40:07,Monday,West,I,52,31,South,SHP,202
2023-04-26,11:54:37,Thursday,East,D,53,39,South,YU,221
2023-04-26,12:07:16,Wednesday,North,E,60,13,South,BD,247
2023-04-26,14:51:00,Friday,North,B,19,58,East,SRT,238
2023-04-26,15:17:12,Wednesday,South,B,42,56,North,SRT,233
2023-04-26,21:07:49,Saturday,Central,I,58,3,West,SRT,280
2023-04-26,22:04:04,Saturday,Central,B,23,46,East,SRT,253
2023-04-27,08:13:05,Saturday,North,B,21,29,North,BD,215
2023-04-27,10:10:01,Saturday,North,G,3,48,West,SHP,203
2023-04-27,13:31:35,Sunday,West,B,27,56,North,SHP,222
2023-04-28,12:08:38,Thursday,West,G,49,15,East,SRT,274
2023-04-28,13:31:08,Monday,East,A,58,48,East,BD,203
2023-04-28,14:37:09,Monday,West,I,0,7,South,YU,284
2023-04-28,15:38:07,Sunday,West,C,0,20,West,SRT,237
2023-04-28,19:36:42,Wednesday,East,A,49,29,East,SRT,292
2023-04-28,20:27:23,Friday,East,H,48,33,South,SHP,282
2023-04-29,11:21:57,Wednesday,West,F,1,20,East,BD,224
2023-04-29,22:32:45,Friday,West,E,34,44,North,SHP,272
2023-04-30,19:58:35,Sunday,East,F,1,5,East,YU,219
2023-04-30,21:52:18,Wednesday,Central,A,55,30,North,YU,219
2023-05-01,06:55:15,Sunday,South,F,11,51,North,SRT,269
2023-05-01,11:36:37,Friday,West,F,58,8,South,SRT,276
2023-05-01,17:15:30,Saturday,West,J,57,9,East,SRT,220
2023-05-01,19:00:40,Friday,South,J,3,5,West,SHP,296
2023-05-01,19:44:21,Wednesday,East,D,52,41,East,SRT,201
2023-05-02,09:34:51,Wednesday,East,A,41,46,West,SRT,296
2023-05-02,10:36:48,Wednesday,South,F,50,40,West,BD,284
2023-05-02,16:14:13,Saturday,East,C,34,8,West,YU,231
2023-05-02,18:26:14,Tuesday,East,G,59,42,East,SHP,224
2023-05-02,21:35:21,Tuesday,East,H,17,51,South,SHP,295
2023-05-02,21:40:27,Tuesday,East,I,7,32,West,SRT,240
2023-05-03,07:55:57,Friday,South,E,49,45,South,BD,206
2023-05-03,22:57:19,Wednesday,East,F,1,34,North,SHP,274
2023-05-04,08:01:42,Monday,West,J,16,42,East,SRT,233
2023-05-04,08:13:06,Tuesday,East,J,15,10,East,YU,267
2023-05-04,19:47:55,Sunday,East,C,17,23,West,SHP,264
2023-05-05,09:03:08,Monday,East,D,58,52,South,YU,242
2023-05-05,12:19:05,Thursday,East,H,19,13,East,SRT,286
2023-05-05,22:07:27,Tuesday,West,C,42,10,South,YU,295
2023-05-06,18:41:10,Wednesday,East,B,20,1,West,SRT,214
2023-05-06,23:08:12,Monday,East,F,19,25,East,BD,260
2023-05-07,06:37:19,Sunday,South,E,48,27,North,YU,226
2023-05-07,09:58:11,Tuesday,West,B,53,19,East,BD,286
2023-05-07,22:41:39,Saturday,North,F,44,48,West,BD,279
2023-05-08,08:08:58,Wednesday,Central,J,44,35,North,SRT,237
2023-05-08,19:18:42,Tuesday,South,I,60,33,East,BD,273
2023-05-08,20:18:51,Tuesday,South,A,8,16,East,SRT,272
2023-05-09,12:34:47,Sunday,East,H,30,42,North,YU,299
2023-05-09,12:56:01,Wednesday,North,H,13,31,East,SHP,217
2023-05-09,15:34:27,Monday,North,H,34,10,West,SRT,249
2023-05-09,18:12:34,Friday,West,A,17,43,North,YU,232
2023-05-09,21:27:19,Saturday,Central,H,28,15,West,SRT,264
2023-05-10,06:33:22,Saturday,North,D,60,47,West,SHP,249
2023-05-10,11:26:16,Saturday,South,E,8,47,South,BD,236
2023-05-10,13:44:48,Thursday,Central,G,15,12,East,SHP,271
2023-05-10,15:50:45,Monday,North,J,45,60,South,SHP,287
2023-05-10,16:20:38,Friday,South,B,15,56,East,SHP,215
2023-05-10,21:08:08,Sunday,Central,J,26,7,South,SHP,299
2023-05-11,13:23:39,Sunday,East,F,40,3,East,SRT,258
2023-05-11,19:58:01,Thursday,South,D,39,25,West,YU,283
2023-05-11,20:53:53,Monday,West,A,40,15,North,BD,202
2023-05-11,22:36:21,Monday,Central,H,47,12,South,SRT,296
2023-05-12,12:13:06,Saturday,South,I,8,19,West,YU,252
2023-05-12,13:04:12,Sunday,South,B,2,19,South,SRT,246
2023-05-12,14:02:45,Thursday,West,E,15,60,East,YU,254
2023-05-12,15:46:39,Friday,North,D,58,1,North,SHP,201
2023-05-12,18:56:53,Tuesday,South,B,51,9,South,YU,210
2023-05-13,06:40:02,Wednesday,East,H,45,14,West,YU,223
2023-05-13,13:20:32,Tuesday,South,C,10,12,East,SRT,267
2023-05-13,15:05:12,Thursday,Central,B,24,6,East,SRT,210
2023-05-13,16:14:34,Thursday,East,C,40,53,East,SHP,215
2023-05-13,17:42:13,Saturday,West,B,43,10,South,YU,241
2023-05-13,19:11:33,Thursday,Central,H,26,60,East,BD,239
2023-05-13,23:27:44,Thursday,West,F,11,19,North,BD,205
2023-05-14,15:46:36,Wednesday,North,J,6,45,South,YU,286
2023-05-14,16:18:02,Tuesday,West,H,16,20,West,SHP,205
2023-05-15,19:00:16,Wednesday,North,J,53,38,North,SHP,268
2023-05-15,20:41:17,Monday,East,E,32,11,North,BD,242
2023-05-16,06:22:41,Saturday,South,C,16,0,South,BD,266
2023-05-17,21:05:09,Tuesday,East,C,0,56,South,SRT,290
2023-05-17,22:12:47,Saturday,East,E,4,42,West,SRT,228
2023-05-17,23:21:32,Thursday,South,E,5,45,North,YU,224
2023-05-18,07:32:57,Thursday,South,I,59,34,South,SHP,274
2023-05-18,11:46:51,Sunday,South,A,27,30,East,SHP,241
2023-05-18,21:49:32,Sunday,South,E,17,38,West,YU,285
2023-05-19,10:02:14,Wednesday,Central,C,48,47,West,BD,264
2023-05-19,10:25:02,Sunday,East,C,29,38,West,SRT,221
2023-05-20,07:04:01,Saturday,Central,A,9,48,West,BD,259
2023-05-20,09:16:49,Tuesday,Central,I,59,36,West,SHP,267
2023-05-20,17:39:44,Sunday,North,F,22,9,East,SHP,235
2023-05-21,07:16:51,Thursday,West,D,48,30,West,YU,256
2023-05-21,13:23:40,Thursday,South,J,24,40,North,YU,235
2023-05-21,21:03:01,Thursday,North,J,26,58,South,SHP,299
2023-05-21,23:11:30,Monday,Central,F,46,8,South,BD,261
2023-05-23,23:55:08,Thursday,West,B,11,24,North,YU,249
2023-05-24,20:05:30,Thursday,Central,J,4,20,East,SRT,276
2023-05-24,23:00:21,Wednesday,East,D,13,32,North,BD,204
2023-05-25,08:18:23,Friday,North,D,40,51,South,SHP,215
2023-05-25,16:55:48,Friday,North,D,54,51,East,YU,207
2023-05-26,20:33:16,Tuesday,East,E,12,16,East,SHP,256
2023-05-27,08:15:16,Wednesday,Central,A,45,24,West,BD,285
2023-05-28,09:39:47,Friday,West,H,22,42,South,BD,291
2023-05-28,17:28:04,Friday,North,G,20,55,West,YU,287
2023-05-28,20:46:36,Thursday,South,D,45,59,East,YU,208
2023-05-28,23:49:07,Friday,South,C,58,35,South,YU,263
2023-05-29,11:09:57,Thursday,Central,A,23,1,East,YU,250
2023-05-29,15:56:59,Tuesday,East,H,48,25,South,SHP,244
2023-05-29,23:04:14,Thursday,Central,E,38,47,North,SHP,257
2023-05-30,12:37:14,Saturday,Central,H,11,41,East,SHP,240
2023-05-30,13:09:26,Friday,East,A,34,54,West,YU,265
2023-05-30,15:57:48,Saturday,South,H,39,45,South,SRT,272
2023-05-31,08:37:16,Tuesday,Central,J,7,32,South,YU,201
2023-05-31,15:52:31,Friday,West,D,5,23,North,SHP,275
2023-05-31,23:06:41,Tuesday,East,B,32,28,South,SRT,218
2023-06-01,22:46:43,Monday,South,B,27,28,South,YU,210
2023-06-02,14:07:17,Monday,East,C,13,31,South,SRT,291
2023-06-02,14:41:16,Thursday,North,G,29,49,East,SHP,252
2023-06-02,23:34:11,Friday,South,J,4,51,West,YU,270
2023-06-05,14:50:22,Monday,South,F,50,26,South,YU,255
2023-06-06,07:25:37,Saturday,Central,I,48,58,North,BD,253
2023-06-06,12:38:42,Thursday,East,B,34,53,East,SHP,207
2023-06-07,08:42:41,Monday,Central,I,6,26,East,SRT,226
2023-06-07,22:59:41,Wednesday,North,D,26,30,West,YU,271
2023-06-08,10:00:50,Saturday,West,J,42,32,North,SRT,246
2023-06-08,14:48:14,Saturday,Central,E,28,46,East,YU,260
2023-06-08,19:30:18,Monday,West,I,46,46,South,SHP,298
2023-06-09,21:05:27,Thursday,East,J,43,58,West,YU,258
2023-06-09,21:16:55,Tuesday,South,J,53,40,North,BD,282
2023-06-09,23:34:40,Wednesday,West,B,48,50,North,SRT,232
2023-06-10,12:34:41,Sunday,East,I,1,19,South,SRT,299
2023-06-10,13:58:06,Monday,West,H,54,49,West,SRT,254
2023-06-11,06:14:01,Tuesday,South,C,37,49,West,YU,216
2023-06-11,06:16:29,Friday,South,F,23,15,West,SRT,264
2023-06-11,11:56:30,Friday,South,C,51,1,West,YU,228
2023-06-11,21:23:33,Saturday,East,D,8,22,South,SHP,242
2023-06-12,06:51:54,Monday,South,I,37,35,West,SHP,247
2023-06-12,15:04:58,Sunday,South,E,22,15,West,YU,253
2023-06-12,21:35:55,Monday,North,C,20,60,West,SRT,219
2023-06-13,07:48:33,Monday,Central,H,12,37,North,YU,267
2023-06-13,12:09:08,Saturday,South,F,35,6,North,YU,298
2023-06-13,17:58:45,Friday,South,C,32,3,West,SRT,236
2023-06-13,22:16:32,Monday,East,E,59,42,North,SRT,238
2023-06-14,10:17:37,Friday,South,F,57,12,North,SRT,266
2023-06-14,18:23:26,Monday,North,J,46,24,West,SRT,240
2023-06-15,17:52:01,Friday,South,E,17,32,West,BD,248
2023-06-15,19:32:44,Wednesday,East,C,37,35,West,SHP,272
2023-06-16,10:23:10,Sunday,East,G,15,30,West,SHP,223
2023-06-16,19:55:18,Tuesday,North,B,11,42,East,BD,237
2023-06-16,21:58:16,Tuesday,South,D,1,6,South,SRT,219
2023-06-17,12:28:06,Saturday,North,C,41,43,North,SHP,224
2023-06-17,12:54:44,Thursday,East,G,1,25,East,SHP,244
2023-06-18,21:25:35,Friday,Central,G,33,15,West,SRT,261
2023-06-19,10:12:25,Friday,East,A,41,43,East,SRT,210
2023-06-19,17:12:13,Thursday,Central,H,12,56,West,SHP,200
2023-06-19,21:26:39,Sunday,East,D,49,7,South,YU,278
2023-06-21,18:18:06,Friday,West,E,59,35,East,YU,215
2023-06-21,18:48:31,Saturday,Central,D,17,53,South,YU,222
2023-06-21,23:59:49,Thursday,South,A,41,56,West,SRT,293
2023-06-22,18:35:03,Sunday,North,D,56,48,North,BD,293
2023-06-23,14:46:48,Friday,East,J,59,43,South,SRT,290
2023-06-23,16:16:29,Monday,East,A,32,56,East,SRT,218
2023-06-23,19:46:18,Friday,West,D,11,57,South,YU,271
2023-06-23,20:26:33,Friday,Central,G,6,12,North,BD,264
2023-06-24,12:09:31,Thursday,West,D,24,26,North,SHP,273
2023-06-24,17:35:37,Friday,West,H,30,32,North,BD,216
2023-06-25,10:37:22,Wednesday,South,E,29,56,West,SRT,242
2023-06-25,14:43:44,Wednesday,North,D,54,7,South,SHP,266
2023-06-25,15:43:54,Friday,East,J,13,29,North,BD,259
2023-06-25,23:36:58,Monday,North,I,42,6,West,BD,288
2023-06-26,06:39:41,Sunday,South,I,50,40,East,BD,293
2023-06-26,06:43:21,Thursday,East,G,44,19,North,YU,245
2023-06-26,22:27:21,Sunday,Central,J,37,3,South,YU,252
2023-06-28,07:11:37,Saturday,South,C,32,26,West,YU,205
2023-06-28,22:35:20,Friday,South,G,31,9,East,BD,244
2023-06-29,11:12:33,Friday,North,E,38,21,East,YU,215
2023-06-29,15:43:42,Tuesday,North,A,49,23,South,SRT,226
2023-06-30,10:54:01,Tuesday,Central,I,6,32,West,BD,209
2023-06-30,16:17:39,Thursday,South,F,16,57,North,SHP,287
2023-07-01,06:56:53,Tuesday,South,G,52,28,West,SHP,296
2023-07-01,11:50:15,Thursday,South,F,8,48,West,BD,299
2023-07-01,20:41:57,Saturday,West,H,4,1,North,BD,267
2023-07-02,08:28:27,Wednesday,East,A,7,43,North,YU,248
2023-07-02,08:46:48,Friday,North,F,45,42,South,YU,266
2023-07-02,08:58:47,Friday,South,D,24,42,North,YU,259
2023-07-02,13:39:28,Wednesday,North,H,13,48,East,SHP,270
2023-07-03,17:26:34,Saturday,North,C,3,26,West,SHP,254
2023-07-04,07:20:25,Thursday,East,H,6,42,West,BD,208
2023-07-04,14:14:24,Thursday,Central,J,7,41,South,YU,240
2023-07-04,21:07:22,Sunday,Central,D,47,38,South,BD,222
2023-07-05,08:23:09,Saturday,West,J,21,53,North,SHP,262
2023-07-05,17:37:45,Thursday,Central,G,20,29,South,YU,226
2023-07-05,22:58:44,Sunday,Central,J,42,50,East,BD,235
2023-07-06,11:05:05,Tuesday,Central,D,32,25,South,SRT,235
2023-07-08,12:22:49,Friday,South,F,0,11,East,BD,261
2023-07-08,21:46:17,Wednesday,West,B,38,52,North,SHP,254
2023-07-09,10:45:29,Sunday,West,H,5,56,East,SHP,281
2023-07-09,13:24:31,Monday,East,B,21,12,West,SRT,247
2023-07-09,14:01:27,Sunday,West,J,8,44,East,YU,259
2023-07-09,23:36:26,Saturday,Central,A,54,35,East,YU,247
2023-07-10,22:54:06,Thursday,North,E,53,12,West,SRT,246
2023-07-11,06:53:08,Sunday,East,F,17,20,East,YU,221
2023-07-11,10:37:26,Sunday,South,G,32,30,South,YU,207
2023-07-11,21:52:26,Saturday,South,B,59,7,South,YU,202
2023-07-11,22:19:09,Monday,East,C,12,49,North,SRT,246
2023-07-12,06:41:19,Tuesday,East,C,51,41,South,YU,225
2023-07-12,09:04:15,Tuesday,South,G,54,56,West,SRT,257
2023-07-12,16:36:40,Tuesday,West,H,53,2,West,SHP,217
2023-07-12,18:32:07,Friday,Central,G,19,48,East,SHP,292
2023-07-13,08:44:21,Thursday,North,H,50,13,South,YU,227
2023-07-13,21:28:58,Friday,North,I,46,36,West,BD,235
2023-07-13,23:02:37,Friday,East,I,47,35,North,YU,255
2023-07-16,11:16:23,Monday,East,C,18,33,West,SHP,210
2023-07-17,10:18:26,Saturday,West,E,15,51,East,BD,229
2023-07-17,10:59:53,Monday,Central,B,52,37,North,BD,237
2023-07-17,19:19:50,Sunday,Central,H,55,56,South,BD,221
2023-07-17,23:43:31,Saturday,South,D,30,49,East,SHP,263
2023-07-18,10:00:05,Friday,North,I,35,43,North,BD,254
2023-07-18,20:45:34,Sunday,South,J,43,25,West,BD,229
2023-07-19,10:00:22,Thursday,South,F,42,49,South,YU,231
2023-07-20,16:05:20,Tuesday,North,J,19,31,North,SHP,200
2023-07-20,21:34:00,Saturday,West,E,19,1,South,SHP,254
2023-07-21,20:44:40,Wednesday,West,B,45,56,West,SRT,284
2023-07-22,06:11:31,Thursday,East,E,11,40,South,SHP,280
2023-07-22,11:02:12,Monday,North,E,34,1,West,SRT,231
2023-07-22,22:28:52,Thursday,West,C,6,55,North,BD,247
2023-07-23,20:55:29,Sunday,Central,C,36,16,North,BD,240
2023-07-24,10:45:42,Sunday,Central,E,58,3,West,YU,218
2023-07-24,15:26:25,Friday,North,E,15,45,East,BD,299
2023-07-24,17:56:38,Sunday,Central,I,39,8,West,SRT,219
2023-07-24,22:15:52,Thursday,South,F,44,22,West,SHP,284
2023-07-25,13:33:17,Monday,South,H,15,4,North,BD,214
2023-07-25,14:25:55,Friday,Central,J,51,28,North,SRT,272
2023-07-25,16:22:25,Saturday,North,D,54,8,South,BD,266
2023-07-26,07:13:37,Friday,East,I,6,60,North,YU,248
2023-07-26,15:53:28,Wednesday,East,J,16,57,East,SHP,289
2023-07-27,13:45:59,Thursday,Central,A,60,46,South,YU,271
2023-07-27,14:23:35,Tuesday,North,C,13,57,North,YU,256
2023-07-27,21:59:18,Monday,West,G,29,42,South,SRT,285
2023-07-28,13:34:07,Monday,Central,G,41,26,East,YU,286
2023-07-28,15:43:00,Thursday,West,G,1,37,East,BD,240
2023-07-28,19:41:04,Monday,Central,B,47,19,West,BD,273
2023-07-29,14:11:14,Monday,North,E,12,55,North,SHP,242
2023-07-30,10:11:16,Wednesday,South,H,18,21,North,SRT,290
2023-07-30,12:00:55,Saturday,West,D,6,10,North,YU,204
2023-07-30,21:29:00,Friday,South,F,18,4,South,YU,201
2023-07-31,07:31:12,Thursday,North,D,45,56,West,SRT,262
2023-07-31,11:09:54,Thursday,West,I,0,33,North,SRT,217
2023-07-31,16:52:04,Saturday,North,G,26,48,North,SRT,201
2023-08-01,08:37:07,Thursday,Central,B,60,18,West,BD,298
2023-08-01,16:13:51,Monday,South,I,32,2,South,SRT,244
2023-08-01,21:43:10,Sunday,Central,B,10,37,East,SHP,271
2023-08-01,22:51:09,Tuesday,East,B,54,23,North,BD,284
2023-08-01,23:11:38,Sunday,North,G,22,30,West,SRT,286
2023-08-02,06:37:46,Monday,Central,C,21,16,East,SRT,271
2023-08-02,16:05:10,Monday,West,I,9,32,West,YU,224
2023-08-02,20:41:57,Thursday,South,A,16,17,East,BD,229
2023-08-03,06:48:47,Monday,West,F,45,43,East,SRT,270
2023-08-03,11:25:26,Tuesday,South,B,27,33,West,YU,280
2023-08-03,21:29:27,Friday,South,G,22,4,East,YU,280
2023-08-04,17:56:50,Sunday,East,B,54,34,East,SHP,291
2023-08-05,06:21:41,Thursday,South,D,9,42,East,SHP,237
2023-08-05,07:51:35,Monday,Central,B,41,4,East,SHP,296
2023-08-05,11:01:16,Sunday,East,J,52,39,West,SHP,285
2023-08-05,13:00:10,Saturday,North,F,20,48,East,YU,298
2023-08-05,21:54:58,Friday,North,E,1,48,East,YU,249
2023-08-06,08:15:38,Saturday,South,D,40,51,South,SHP,251
2023-08-06,19:44:46,Monday,West,B,51,37,North,SHP,248
2023-08-06,19:48:40,Thursday,North,F,41,45,West,BD,265
2023-08-06,20:37:20,Wednesday,West,E,8,20,South,SHP,247
2023-08-06,21:05:40,Thursday,East,J,43,52,West,YU,254
2023-08-07,06:00:39,Friday,Central,C,48,48,West,YU,247
2023-08-07,11:58:38,Wednesday,South,G,36,58,North,BD,248
2023-08-07,20:06:27,Friday,East,J,15,4,East,SHP,207
2023-08-07,22:17:53,Thursday,North,D,51,60,South,SRT,290
2023-08-08,11:14:42,Friday,East,E,48,44,North,YU,215
2023-08-09,06:47:50,Wednesday,Central,I,4,50,North,SRT,235
2023-08-09,09:01:21,Wednesday,South,D,52,21,South,SHP,213
2023-08-09,13:01:32,Wednesday,West,H,53,53,West,BD,246
2023-08-09,21:37:26,Saturday,East,A,2,14,South,YU,226
2023-08-10,07:27:39,Tuesday,South,B,37,39,South,SRT,293
2023-08-10,15:17:19,Wednesday,Central,D,12,44,South,SHP,280
2023-08-11,07:29:09,Friday,West,E,52,25,East,YU,243
2023-08-11,18:37:58,Saturday,Central,B,55,9,North,SRT,250
2023-08-12,21:27:46,Thursday,East,B,31,54,North,SHP,290
2023-08-12,23:17:47,Friday,South,J,25,47,East,SRT,222
2023-08-13,06:56:53,Thursday,South,C,55,52,North,BD,294
2023-08-13,08:01:00,Saturday,East,C,6,54,North,YU,296
2023-08-14,18:13:11,Sunday,North,I,55,5,North,BD,245
2023-08-16,10:12:06,Monday,Central,I,21,36,East,SHP,241
2023-08-17,16:49:23,Friday,East,A,2,9,East,SHP,247
2023-08-17,18:30:12,Sunday,East,F,13,56,East,BD,268
2023-08-17,18:33:57,Monday,Central,I,16,7,East,BD,284
2023-08-17,19:24:56,Saturday,West,D,3,16,North,SRT,248
2023-08-17,20:40:30,Thursday,Central,A,28,47,West,BD,287
2023-08-18,18:00:31,Sunday,North,G,43,15,South,BD,264
2023-08-18,19:03:04,Saturday,South,A,58,4,East,YU,200
2023-08-19,08:06:13,Saturday,North,A,6,60,South,SHP,261
2023-08-19,18:42:33,Wednesday,West,G,18,11,West,BD,209
2023-08-19,19:47:36,Wednesday,East,I,10,32,East,SRT,229
2023-08-20,06:41:25,Saturday,Central,C,17,19,West,SRT,297
2023-08-20,16:08:18,Tuesday,South,I,5,54,North,BD,266
2023-08-20,18:26:08,Tuesday,West,B,42,9,East,BD,294
2023-08-20,19:41:59,Saturday,South,J,57,54,East,BD,292
2023-08-21,10:08:16,Wednesday,Central,B,35,21,North,SHP,245
2023-08-21,11:51:44,Tuesday,South,E,14,9,South,YU,234
2023-08-21,12:36:38,Monday,West,C,32,5,East,SHP,229
2023-08-22,10:07:52,Monday,North,J,19,8,North,SRT,237
2023-08-22,12:09:50,Wednesday,West,J,33,57,North,BD,206
2023-08-22,13:55:41,Monday,South,B,20,30,North,SHP,240
2023-08-23,09:18:44,Monday,Central,C,27,3,West,SHP,215
2023-08-23,15:23:09,Friday,West,A,28,11,East,YU,296
2023-08-24,19:49:37,Sunday,West,E,53,13,North,BD,272
2023-08-25,07:03:12,Thursday,North,C,37,39,East,BD,229
2023-08-25,14:57:59,Saturday,South,G,57,12,West,SRT,284
2023-08-25,16:08:16,Sunday,North,J,11,51,West,BD,283
2023-08-25,21:24:19,Thursday,North,F,4,19,East,BD,295
2023-08-26,09:09:51,Wednesday,North,H,54,45,South,YU,201
2023-08-26,10:54:18,Sunday,Central,D,4,22,North,SRT,200
2023-08-26,12:04:11,Sunday,South,H,41,13,North,SRT,205
2023-08-26,12:22:34,Friday,West,C,24,12,West,SHP,278
2023-08-27,07:01:41,Tuesday,Central,F,31,24,East,SRT,294
2023-08-27,12:08:30,Tuesday,North,F,8,37,West,SHP,227
2023-08-28,20:25:32,Monday,West,G,38,13,North,SRT,215
2023-08-28,20:33:06,Thursday,West,F,20,50,West,SHP,282
2023-08-28,20:51:51,Wednesday,West,H,44,22,North,SHP,277
2023-08-28,22:12:33,Thursday,West,F,60,6,East,BD,272
2023-08-29,08:50:37,Friday,South,B,30,31,East,YU,280
2023-08-29,15:44:28,Saturday,North,I,60,50,North,SRT,281
2023-08-30,12:58:07,Sunday,North,C,49,11,North,SHP,267
2023-08-30,19:49:21,Wednesday,West,C,3,36,East,SRT,211
2023-08-30,20:34:20,Saturday,East,C,38,10,North,SRT,216
2023-08-31,09:32:26,Thursday,South,I,14,51,West,SHP,284
2023-08-31,09:39:34,Tuesday,North,F,3,46,East,SRT,201
2023-08-31,14:16:24,Tuesday,South,G,0,40,East,SRT,280
2023-09-01,06:27:42,Friday,South,C,38,47,West,SRT,267
2023-09-01,14:26:16,Sunday,Central,C,32,34,South,SRT,261
2023-09-02,16:10:07,Sunday,South,D,21,59,West,SHP,265
2023-09-02,22:49:01,Friday,South,A,47,39,East,SHP,217
2023-09-03,12:57:45,Thursday,North,C,30,14,West,SRT,236
2023-09-04,10:37:10,Sunday,East,G,60,17,West,SHP,281
2023-09-04,11:05:20,Friday,North,I,58,43,South,YU,205
2023-09-04,14:35:51,Saturday,Central,H,18,49,West,SHP,300
2023-09-04,20:57:55,Saturday,West,J,49,53,North,SHP,239
2023-09-04,22:29:25,Friday,West,F,57,42,North,YU,257
2023-09-05,06:23:47,Monday,Central,G,55,8,North,SHP,229
2023-09-05,12:40:45,Saturday,North,H,21,47,North,SHP,239
2023-09-05,14:57:17,Tuesday,West,B,44,23,South,BD,259
2023-09-05,17:10:31,Sunday,West,I,34,58,South,SRT,223
2023-09-06,13:57:38,Wednesday,West,J,48,27,East,YU,244
2023-09-07,06:03:45,Sunday,East,I,19,24,West,YU,241
2023-09-07,15:34:33,Saturday,North,J,17,2,South,SHP,215
2023-09-07,16:40:20,Thursday,East,F,13,53,West,YU,214
2023-09-07,21:09:22,Saturday,West,D,21,58,South,SRT,254
2023-09-07,22:55:43,Tuesday,East,A,33,22,North,SHP,225
2023-09-08,07:29:53,Thursday,South,G,9,41,North,BD,273
2023-09-08,16:36:45,Wednesday,West,G,26,4,East,YU,267
2023-09-08,20:05:28,Friday,Central,E,43,31,West,SRT,223
2023-09-08,20:48:37,Tuesday,South,H,35,30,South,BD,261
2023-09-09,10:14:28,Tuesday,Central,E,40,44,East,YU,216
2023-09-09,13:17:36,Saturday,Central,C,29,15,North,SHP,204
2023-09-09,13:37:59,Wednesday,South,A,45,15,South,SRT,204
2023-09-10,13:42:07,Tuesday,South,B,25,17,North,SRT,274
2023-09-11,06:59:34,Saturday,East,B,22,35,North,BD,239
2023-09-11,16:58:37,Friday,South,I,56,23,East,YU,287
2023-09-12,09:26:51,Friday,North,A,54,45,South,YU,227
2023-09-12,17:50:57,Saturday,West,J,3,9,South,BD,200
2023-09-12,18:57:06,Friday,West,F,50,25,West,SHP,203
2023-09-12,22:26:52,Wednesday,South,I,20,1,West,SHP,223
2023-09-13,13:27:44,Friday,East,D,53,9,East,SRT,296
2023-09-13,14:49:29,Tuesday,Central,D,47,31,West,YU,284
2023-09-13,20:34:20,Tuesday,Central,C,51,27,West,YU,249
2023-09-13,22:34:08,Tuesday,South,E,0,18,South,SRT,266
2023-09-14,10:21:13,Sunday,North,I,7,28,West,SRT,212
2023-09-15,12:06:14,Saturday,West,H,29,42,East,SHP,280
2023-09-15,15:37:02,Monday,West,H,18,44,West,BD,274
2023-09-15,21:39:56,Monday,East,A,37,7,South,SHP,273
2023-09-16,15:53:27,Saturday,Central,J,46,38,North,YU,219
2023-09-17,13:04:09,Friday,Central,F,11,43,East,SRT,285
2023-09-17,14:13:40,Saturday,West,B,27,5,North,SRT,242
2023-09-17,19:01:34,Saturday,East,A,30,51,North,SHP,241
2023-09-18,13:59:41,Sunday,South,I,8,59,East,YU,250
2023-09-19,07:57:12,Thursday,East,I,42,39,West,BD,226
2023-09-19,17:30:23,Friday,West,A,37,40,East,SRT,244
2023-09-20,06:54:57,Monday,South,C,55,35,South,SHP,295
2023-09-21,12:32:39,Monday,North,B,19,23,West,SHP,235
2023-09-21,14:41:58,Monday,North,D,19,16,East,SHP,203
2023-09-21,16:48:15,Wednesday,North,G,14,52,South,YU,244
2023-09-22,17:32:15,Friday,Central,F,27,0,North,BD,227
2023-09-22,21:52:05,Saturday,South,I,20,30,East,BD,221
2023-09-22,23:45:16,Tuesday,North,G,52,42,West,SHP,251
2023-09-23,14:01:55,Friday,Central,H,45,38,West,SRT,285
2023-09-23,19:01:27,Monday,Central,C,8,27,North,YU,243
2023-09-24,18:49:40,Wednesday,Central,G,8,59,North,YU,224
2023-09-24,19:10:55,Tuesday,North,D,48,3,West,BD,219
2023-09-25,06:12:00,Thursday,Central,H,10,44,South,SHP,207
2023-09-25,16:06:58,Wednesday,South,D,46,31,North,BD,296
2023-09-25,16:30:49,Wednesday,West,F,22,6,South,YU,226
2023-09-25,16:43:06,Tuesday,Central,I,2,47,East,SHP,282
2023-09-25,18:26:00,Tuesday,South,A,43,18,West,BD,239
2023-09-25,20:19:00,Wednesday,Central,G,44,52,South,SRT,285
2023-09-25,23:47:20,Wednesday,East,D,46,3,South,BD,246
2023-09-27,14:12:26,Sunday,Central,C,38,57,West,YU,243
2023-09-27,21:50:46,Friday,South,H,1,35,West,SRT,229
2023-09-27,23:16:27,Saturday,West,A,11,49,South,YU,230
2023-09-28,08:43:34,Friday,West,H,46,24,South,YU,286
2023-09-28,11:32:43,Monday,South,B,0,43,East,SRT,266
2023-09-28,23:27:42,Wednesday,South,H,27,54,East,BD,281
2023-09-28,23:35:02,Wednesday,Central,F,19,49,South,SHP,266
2023-09-28,23:58:45,Friday,West,A,12,58,East,YU,267
2023-09-29,11:27:53,Saturday,East,B,6,14,North,BD,240
2023-09-30,13:19:33,Saturday,Central,I,10,13,West,SRT,260
2023-09-30,16:32:46,Monday,North,H,2,44,East,SHP,260
2023-09-30,16:34:34,Monday,Central,I,24,54,West,BD,253
2023-10-01,22:02:02,Friday,West,G,60,12,South,BD,273
2023-10-02,16:38:17,Saturday,West,J,55,15,North,BD,213
2023-10-03,08:21:04,Thursday,South,I,56,39,North,SHP,289
2023-10-03,19:53:42,Friday,West,A,59,57,South,SHP,297
2023-10-04,06:30:52,Thursday,South,F,17,31,North,BD,284
2023-10-04,07:52:41,Sunday,Central,J,59,12,South,BD,277
2023-10-04,12:29:26,Sunday,South,H,1,26,South,YU,242
2023-10-04,17:47:31,Tuesday,Central,B,31,17,East,SRT,299
2023-10-04,19:08:40,Saturday,South,J,31,37,South,SHP,243
2023-10-05,15:46:17,Thursday,North,B,41,0,North,SRT,286
2023-10-05,17:04:43,Friday,Central,J,60,14,West,YU,216
2023-10-05,17:17:27,Monday,East,F,4,31,East,YU,214
2023-10-05,21:13:03,Monday,South,F,7,8,West,BD,255
2023-10-06,06:11:38,Tuesday,South,B,14,36,East,BD,221
2023-10-06,18:39:59,Thursday,Central,J,38,35,South,SRT,229
2023-10-06,23:20:20,Monday,East,I,15,38,East,BD,229
2023-10-07,11:10:41,Thursday,Central,B,54,48,West,YU,226
2023-10-07,11:28:41,Monday,West,J,51,13,East,YU,207
2023-10-07,13:59:13,Thursday,Central,I,12,5,North,SRT,214
2023-10-07,15:41:09,Saturday,East,A,53,20,North,YU,231
2023-10-07,18:26:34,Friday,West,F,21,20,East,BD,285
2023-10-08,06:50:33,Wednesday,West,H,38,46,North,SHP,298
2023-10-08,08:37:32,Thursday,Central,J,17,32,North,YU,223
2023-10-08,14:46:52,Friday,South,G,29,37,North,SRT,237
2023-10-08,15:33:06,Monday,North,F,45,48,West,SRT,293
2023-10-09,06:40:12,Thursday,Central,F,5,58,East,SRT,204
2023-10-09,10:34:59,Tuesday,South,D,3,4,North,YU,249
2023-10-09,11:48:10,Wednesday,East,I,60,36,North,SHP,211
2023-10-09,15:09:56,Thursday,East,I,14,33,East,SRT,278
2023-10-09,20:58:04,Saturday,East,B,16,20,West,YU,279
2023-10-10,10:44:15,Wednesday,North,A,60,57,West,BD,299
2023-10-11,12:04:23,Wednesday,South,J,13,49,South,BD,238
2023-10-11,13:39:57,Monday,South,H,5,11,South,SRT,221
2023-10-11,18:45:56,Thursday,East,I,30,28,West,SRT,214
2023-10-11,18:50:08,Wednesday,North,F,55,43,West,SRT,256
2023-10-12,08:25:52,Sunday,West,C,28,17,West,YU,212
2023-10-12,12:18:14,Saturday,North,H,24,36,West,SHP,202
2023-10-12,18:35:19,Wednesday,South,C,21,59,North,SRT,209
2023-10-12,22:38:28,Sunday,East,E,38,39,West,SHP,281
2023-10-13,09:26:19,Monday,West,J,24,39,North,BD,229
2023-10-13,15:45:45,Monday,West,E,2,25,North,SRT,265
2023-10-13,17:44:30,Sunday,Central,J,51,55,West,BD,222
2023-10-14,07:17:16,Monday,West,B,55,28,South,SRT,268
2023-10-14,22:19:56,Saturday,East,B,35,5,East,BD,249
2023-10-15,08:04:32,Sunday,West,I,26,9,East,BD,282
2023-10-15,09:58:11,Sunday,West,I,22,31,South,SHP,247
2023-10-16,06:41:43,Thursday,Central,E,36,55,East,SHP,253
2023-10-16,07:58:18,Monday,Central,C,58,16,South,BD,232
2023-10-16,11:10:44,Tuesday,North,I,27,47,South,BD,241
2023-10-16,20:40:16,Saturday,East,D,31,46,North,BD,244
2023-10-17,09:55:54,Tuesday,Central,G,45,15,East,BD,269
2023-10-17,10:37:12,Monday,East,A,2,60,West,SRT,233
2023-10-17,16:56:56,Thursday,East,F,57,53,North,YU,278
2023-10-17,21:32:30,Monday,East,E,44,55,South,BD,235
2023-10-18,07:29:53,Saturday,Central,E,5,24,North,YU,234
2023-10-18,19:51:32,Monday,West,F,8,42,North,YU,233
2023-10-18,22:01:23,Wednesday,South,G,3,29,North,SRT,251
2023-10-19,13:02:51,Saturday,South,G,39,12,North,SHP,264
2023-10-20,07:21:05,Friday,Central,J,7,40,East,BD,223
2023-10-20,13:35:23,Sunday,East,D,30,54,South,YU,233
2023-10-20,22:15:04,Saturday,North,C,6,28,East,BD,286
2023-10-21,09:46:59,Friday,West,A,25,47,South,SHP,207
2023-10-21,16:23:17,Friday,East,D,9,18,South,BD,259
2023-10-21,19:38:02,Wednesday,West,D,22,28,North,BD,265
2023-10-22,06:55:17,Saturday,North,B,55,1,West,BD,274
2023-10-22,17:12:15,Wednesday,East,A,0,17,West,SRT,222
2023-10-22,20:21:58,Saturday,North,F,51,48,South,YU,238
2023-10-23,07:39:52,Thursday,East,I,4,42,North,SHP,244
2023-10-23,08:33:28,Sunday,North,H,23,31,South,SHP,220
2023-10-23,11:01:54,Friday,East,D,12,46,East,YU,288
2023-10-23,12:33:19,Friday,West,I,29,12,East,SHP,243
2023-10-23,14:27:34,Thursday,East,H,48,59,East,SRT,220
2023-10-23,20:25:39,Saturday,North,I,26,18,East,SHP,240
2023-10-24,17:55:20,Friday,South,G,3,60,South,SHP,208
2023-10-25,12:02:24,Tuesday,South,J,24,47,East,BD,219
2023-10-25,17:23:01,Sunday,West,G,32,39,North,BD,201
2023-10-25,18:31:04,Wednesday,East,J,25,18,East,SRT,231
2023-10-26,07:25:00,Friday,Central,B,45,52,North,YU,231
2023-10-26,10:30:18,Sunday,North,C,32,2,West,BD,205
2023-10-26,16:27:40,Sunday,North,C,15,46,South,SRT,273
2023-10-26,22:10:34,Saturday,North,J,12,30,North,SRT,243
2023-10-26,22:47:26,Friday,North,B,58,60,East,SHP,265
2023-10-27,07:37:36,Wednesday,North,D,14,14,East,SHP,253
2023-10-27,07:50:59,Friday,Central,C,5,52,West,YU,261
2023-10-27,13:21:34,Friday,South,A,60,22,West,SHP,271
2023-10-27,13:38:05,Tuesday,Central,J,3,35,South,SRT,256
2023-10-27,16:25:47,Tuesday,North,I,53,58,North,YU,293
2023-10-28,13:58:44,Friday,West,I,55,25,West,SHP,201
2023-10-29,08:29:28,Tuesday,North,B,28,33,North,SRT,224
2023-10-30,06:32:14,Friday,North,C,13,15,North,YU,233
2023-10-30,10:07:59,Thursday,North,G,48,31,West,YU,297
2023-10-30,10:49:08,Wednesday,Central,B,31,36,East,SRT,222
2023-10-30,11:56:47,Saturday,South,C,50,46,North,SHP,244
2023-10-30,18:35:23,Monday,North,B,57,6,North,SRT,242
2023-10-31,10:39:56,Sunday,Central,G,24,49,East,SRT,252
2023-10-31,15:09:41,Friday,West,B,52,60,North,YU,243
2023-10-31,15:34:45,Friday,West,I,29,6,South,BD,290
2023-10-31,17:58:31,Tuesday,South,G,19,40,North,SHP,287
2023-10-31,21:09:24,Sunday,East,H,57,59,East,SHP,267
2023-11-01,12:16:49,Thursday,Central,G,60,16,South,SRT,289
2023-11-01,16:42:08,Tuesday,Central,I,45,39,North,SHP,263
2023-11-01,23:34:00,Saturday,East,E,51,24,North,SHP,240
2023-11-02,06:19:45,Saturday,South,J,57,13,South,BD,214
2023-11-02,10:43:59,Sunday,Central,C,43,43,South,YU,222
2023-11-02,11:03:20,Saturday,Central,C,5,38,North,BD,286
2023-11-02,17:26:40,Wednesday,South,E,26,55,East,SHP,213
2023-11-02,20:19:48,Monday,Central,A,30,51,South,BD,299
2023-11-02,20:21:58,Wednesday,South,A,43,50,East,SRT,219
2023-11-03,12:04:09,Wednesday,East,B,39,44,West,BD,266
2023-11-03,21:51:05,Saturday,North,H,30,35,South,YU,222
2023-11-04,13:17:57,Thursday,North,B,25,30,West,BD,271
2023-11-04,14:05:48,Friday,North,A,2,47,East,SHP,242
2023-11-05,10:12:58,Thursday,South,D,38,19,East,SRT,242
2023-11-05,12:20:00,Sunday,West,J,28,5,North,YU,292
2023-11-06,10:57:20,Monday,Central,E,1,7,South,BD,268
2023-11-06,15:52:36,Monday,West,C,46,4,South,BD,299
2023-11-07,06:17:17,Sunday,Central,D,27,3,East,YU,276
2023-11-07,16:06:03,Sunday,East,C,55,33,East,SHP,223
2023-11-07,18:03:50,Tuesday,Central,G,8,38,North,SHP,238
2023-11-07,21:17:48,Sunday,Central,J,0,51,South,YU,213
2023-11-08,12:27:46,Wednesday,West,I,8,34,West,SRT,223
2023-11-08,17:52:12,Wednesday,South,G,55,12,West,SHP,284
2023-11-09,18:46:34,Tuesday,South,F,15,46,North,BD,285
2023-11-10,15:40:25,Tuesday,North,D,30,36,North,BD,203
2023-11-10,19:58:29,Thursday,West,I,11,1,West,SRT,269
2023-11-11,06:50:38,Wednesday,South,B,24,13,East,SHP,239
2023-11-11,08:03:06,Thursday,North,G,32,26,East,SHP,212
2023-11-11,12:33:31,Wednesday,West,G,59,60,West,SRT,218
2023-11-11,19:58:15,Tuesday,East,C,43,1,South,BD,286
2023-11-12,06:38:03,Thursday,North,F,27,12,South,SRT,263
2023-11-12,11:06:21,Sunday,East,D,8,35,North,BD,280
2023-11-12,16:54:07,Saturday,West,J,16,51,North,BD,202
2023-11-12,19:43:42,Tuesday,South,G,49,6,West,BD,214
2023-11-12,21:52:24,Saturday,South,D,20,6,West,SRT,269
2023-11-14,13:29:02,Thursday,Central,I,16,7,West,SRT,200
2023-11-14,18:16:38,Tuesday,Central,E,44,51,North,SHP,261
2023-11-16,09:00:54,Tuesday,Central,J,47,11,East,SRT,206
2023-11-16,09:48:38,Monday,North,J,6,45,North,BD,251
2023-11-17,08:53:05,Monday,East,B,14,6,West,YU,219
2023-11-17,16:44:58,Tuesday,East,G,15,45,South,SRT,266
2023-11-18,10:00:16,Thursday,Central,C,11,6,North,YU,279
2023-11-18,13:40:31,Wednesday,Central,D,28,7,South,SRT,289
2023-11-18,23:30:17,Saturday,West,C,19,44,South,SRT,296
2023-11-19,13:14:48,Sunday,South,I,13,14,North,SHP,206
2023-11-19,23:28:57,Friday,West,B,43,0,East,BD,228
2023-11-20,10:11:10,Saturday,South,A,16,54,South,YU,300
2023-11-20,11:59:08,Sunday,West,A,16,24,North,SHP,288
2023-11-20,20:58:49,Friday,Central,C,9,50,East,SHP,247
2023-11-20,23:09:33,Monday,East,F,27,32,West,SRT,218
2023-11-21,08:24:11,Sunday,North,G,40,55,East,YU,204
2023-11-21,09:25:14,Sunday,South,E,52,48,South,YU,205
2023-11-21,17:09:02,Monday,East,A,22,41,West,SRT,239
2023-11-22,13:00:47,Sunday,North,C,22,15,South,BD,215
2023-11-22,14:05:57,Thursday,East,E,51,24,East,YU,207
2023-11-22,18:40:09,Wednesday,East,B,48,9,North,BD,228
2023-11-22,21:49:20,Sunday,East,C,26,40,South,BD,210
2023-11-22,23:33:09,Saturday,Central,J,34,44,West,BD,207
2023-11-23,11:55:00,Friday,South,F,0,30,North,YU,233
2023-11-23,12:12:26,Wednesday,East,I,15,58,West,BD,278
2023-11-23,21:53:03,Thursday,East,F,60,35,South,SHP,286
2023-11-23,21:55:58,Tuesday,East,H,6,28,South,BD,223
2023-11-24,10:41:21,Saturday,North,J,5,14,East,YU,240
2023-11-24,12:32:13,Friday,Central,C,37,48,East,SRT,276
2023-11-24,14:58:42,Monday,West,C,35,39,East,SRT,204
2023-11-24,15:44:23,Monday,West,E,59,3,South,SHP,290
2023-11-25,07:25:00,Tuesday,North,B,42,0,West,SRT,280
2023-11-25,08:56:20,Tuesday,Central,G,39,10,North,YU,232
2023-11-25,10:13:14,Saturday,South,G,36,1,North,SRT,235
2023-11-25,13:31:26,Sunday,North,H,3,0,East,BD,233
2023-11-25,15:16:18,Thursday,West,J,1,13,North,YU,300
2023-11-25,18:46:43,Saturday,North,D,55,34,West,SRT,233
2023-11-25,20:27:20,Sunday,Central,J,30,16,West,BD,215
2023-11-26,07:04:11,Saturday,North,E,18,31,North,BD,234
2023-11-26,14:39:33,Friday,South,A,30,19,North,YU,294
2023-11-26,17:31:46,Tuesday,West,J,45,56,North,SHP,274
2023-11-26,20:06:32,Monday,West,C,11,54,East,SRT,248
2023-11-26,20:47:14,Sunday,North,C,60,33,West,BD,241
2023-11-26,23:00:03,Tuesday,West,I,30,47,West,SRT,213
2023-11-26,23:57:19,Thursday,South,G,32,49,East,BD,242
2023-11-27,06:59:31,Thursday,Central,H,29,24,East,YU,206
2023-11-27,07:45:06,Monday,Central,J,58,42,North,SHP,216
2023-11-27,18:14:56,Tuesday,North,E,52,41,West,YU,274
2023-11-28,07:08:44,Sunday,East,A,4,23,South,SHP,287
2023-11-28,15:45:44,Friday,East,G,1,18,West,SHP,226
2023-11-29,06:33:02,Tuesday,West,D,53,57,East,SRT,258
2023-11-29,18:40:57,Sunday,South,H,56,13,West,YU,273
2023-11-30,10:01:25,Friday,Central,G,59,19,South,SHP,283
2023-11-30,16:50:32,Friday,North,B,22,49,South,YU,292
2023-11-30,17:56:17,Friday,Central,C,18,6,North,SRT,223
2023-12-01,15:36:35,Sunday,Central,B,26,20,North,SHP,267
2023-12-02,10:32:02,Saturday,West,F,58,20,West,YU,296
2023-12-02,22:59:03,Tuesday,North,C,55,3,North,SRT,279
2023-12-02,23:13:43,Friday,East,G,56,46,South,YU,208
2023-12-04,08:47:53,Friday,South,J,8,54,West,BD,242
2023-12-05,10:20:24,Tuesday,South,A,60,0,North,SRT,271
2023-12-05,15:27:08,Tuesday,North,B,8,43,South,SRT,209
2023-12-05,17:13:58,Sunday,Central,J,11,59,West,YU,238
2023-12-05,18:25:59,Friday,West,F,40,25,North,SHP,262
2023-12-05,22:03:25,Wednesday,East,H,55,5,South,YU,278
2023-12-06,11:27:29,Tuesday,Central,H,20,27,East,YU,272
2023-12-06,16:08:39,Sunday,West,I,2,48,West,BD,201
2023-12-06,16:43:23,Saturday,East,B,2,22,South,SHP,200
2023-12-06,18:25:56,Sunday,West,H,33,31,West,YU,231
2023-12-06,21:13:41,Friday,South,F,30,58,North,BD,254
2023-12-07,18:31:11,Saturday,West,A,27,36,West,SRT,266
2023-12-08,17:05:21,Tuesday,North,J,60,0,West,YU,209
2023-12-08,18:18:46,Saturday,East,G,14,27,South,SRT,212
2023-12-08,20:27:52,Thursday,South,D,37,40,North,BD,275
2023-12-08,20:27:55,Tuesday,West,D,15,23,West,BD,231
2023-12-08,22:05:07,Wednesday,North,I,29,10,West,BD,245
2023-12-09,06:03:36,Thursday,North,D,47,11,East,SRT,260
2023-12-09,10:43:20,Sunday,South,E,11,2,South,YU,283
2023-12-09,13:55:28,Wednesday,North,I,35,25,East,SHP,251
2023-12-10,09:55:45,Tuesday,East,I,21,17,West,SHP,263
2023-12-10,19:21:40,Sunday,South,E,32,22,East,YU,280
2023-12-11,08:03:19,Friday,East,J,24,18,South,BD,201
2023-12-11,12:59:25,Saturday,South,J,13,50,West,SHP,289
2023-12-11,23:41:12,Thursday,South,A,49,38,South,BD,231
2023-12-12,06:26:20,Monday,South,B,37,56,West,YU,272
2023-12-12,07:24:20,Monday,Central,D,15,31,North,BD,268
2023-12-12,11:00:24,Friday,West,E,23,27,West,BD,257
2023-12-12,13:12:14,Tuesday,North,A,33,59,South,SHP,293
2023-12-12,13:36:05,Saturday,South,H,31,35,West,SRT,282
2023-12-12,14:41:27,Tuesday,Central,D,34,7,South,YU,218
2023-12-12,20:17:13,Thursday,North,B,1,0,East,SHP,298
2023-12-13,19:48:40,Sunday,Central,G,58,14,East,BD,215
2023-12-13,20:26:35,Saturday,West,E,35,18,East,SHP,201
2023-12-14,06:36:00,Thursday,West,D,45,15,West,BD,232
2023-12-14,12:09:10,Thursday,Central,E,12,4,East,YU,285
2023-12-14,14:43:03,Tuesday,Central,J,60,8,East,YU,210
2023-12-15,09:38:07,Friday,Central,E,42,17,South,SRT,271
2023-12-15,14:44:45,Thursday,West,G,44,11,East,SRT,298
2023-12-15,14:55:26,Friday,South,J,16,4,South,YU,272
2023-12-15,23:47:42,Monday,North,F,35,26,West,SHP,246
2023-12-17,21:48:09,Monday,South,A,35,54,North,YU,262
2023-12-18,06:12:05,Thursday,East,I,26,1,East,SRT,245
2023-12-18,21:47:10,Friday,East,E,56,18,West,SHP,237
2023-12-19,10:45:56,Wednesday,South,I,3,34,East,SRT,213
2023-12-19,23:57:33,Monday,South,F,7,30,East,BD,241
2023-12-20,07:43:56,Thursday,West,G,33,16,West,SRT,271
2023-12-20,09:36:51,Monday,East,F,31,24,East,BD,206
2023-12-20,19:54:36,Wednesday,Central,C,41,5,South,YU,273
2023-12-20,21:47:41,Thursday,East,J,20,60,North,SHP,272
2023-12-20,23:36:37,Thursday,West,I,29,17,South,SRT,211
2023-12-21,10:05:17,Thursday,South,E,25,27,West,YU,229
2023-12-21,18:19:39,Saturday,Central,D,51,27,North,SHP,205
2023-12-21,20:21:32,Friday,South,F,41,9,North,YU,259
2023-12-21,20:51:37,Tuesday,Central,E,5,19,West,SRT,213
2023-12-22,11:40:55,Friday,North,I,24,43,East,BD,209
2023-12-22,21:37:16,Wednesday,Central,D,55,48,North,SHP,299
2023-12-22,23:21:50,Saturday,Central,G,36,51,East,SHP,208
2023-12-22,23:33:34,Friday,North,D,33,18,West,SRT,215
2023-12-23,07:27:19,Friday,South,I,43,28,South,BD,221
2023-12-23,09:54:20,Thursday,North,G,4,7,East,SRT,249
2023-12-24,11:37:53,Thursday,Central,F,26,5,South,SRT,264
2023-12-24,22:16:32,Monday,East,B,0,15,South,YU,287
2023-12-25,18:49:45,Monday,East,B,45,57,East,SHP,217
2023-12-25,21:20:14,Monday,West,B,3,23,East,YU,258
2023-12-26,18:18:22,Wednesday,South,I,1,37,South,SRT,225
2023-12-27,07:37:25,Saturday,North,B,0,56,West,SRT,253
2023-12-27,07:47:11,Monday,East,H,18,59,North,BD,294
2023-12-28,06:15:33,Sunday,East,F,10,5,East,BD,278
2023-12-28,06:36:03,Thursday,South,F,10,48,West,SRT,215
2023-12-28,07:21:35,Tuesday,North,G,41,27,West,SHP,241
2023-12-28,12:52:52,Monday,Central,J,15,45,East,BD,291
2023-12-28,14:35:44,Tuesday,Central,A,50,43,North,SHP,285
2023-12-29,14:34:16,Wednesday,East,B,0,6,West,SRT,213
2023-12-30,19:18:05,Sunday,East,A,57,10,North,BD,252
2023-12-30,20:05:03,Wednesday,South,G,21,21,North,SHP,264
2023-12-31,11:52:05,Sunday,Central,E,35,7,West,SRT,247
2023-12-31,20:53:58,Tuesday,West,I,55,55,North,YU,274
